Selectivity,Sensitivity,Accuracy
0.997522749417846,0.9975062344139651,0.9975062344139651
