Selectivity,Sensitivity,Accuracy
0.9950124688279302,0.9950124688279302,0.9950124688279302
